Data source,From Country,From State,From City,To Country,To State,To City
APAC Superstore,Afghanistan,Kabul,Kabul,,,
APAC Superstore,Afghanistan,Kandahar,Kandahar,,,
APAC Superstore,Afghanistan,Nangarhar,Jalalabad,,,
APAC Superstore,Australia,Australian Capital Territory,Canberra,,,
APAC Superstore,Australia,New South Wales,Albury,,,
APAC Superstore,Australia,New South Wales,Armidale,,,
APAC Superstore,Australia,New South Wales,Broken Hill,,,
APAC Superstore,Australia,New South Wales,Cessnock,,,
APAC Superstore,Australia,New South Wales,Coffs Harbour,,,
APAC Superstore,Australia,New South Wales,Dubbo,,,
APAC Superstore,Australia,New South Wales,Goulburn,,,
APAC Superstore,Australia,New South Wales,Griffith,,,
APAC Superstore,Australia,New South Wales,Lismore,,,
APAC Superstore,Australia,New South Wales,Newcastle,,,
APAC Superstore,Australia,New South Wales,Nowra,,,
APAC Superstore,Australia,New South Wales,Orange,,,
APAC Superstore,Australia,New South Wales,Port Macquarie,,,
APAC Superstore,Australia,New South Wales,Queanbeyan,,,
APAC Superstore,Australia,New South Wales,Sydney,,,
APAC Superstore,Australia,New South Wales,Tamworth,,,
APAC Superstore,Australia,New South Wales,Wagga Wagga,,,
APAC Superstore,Australia,New South Wales,Wollongong,,,
APAC Superstore,Australia,Northern Territory,Alice Springs,,,
APAC Superstore,Australia,Queensland,Brisbane,,,
APAC Superstore,Australia,Queensland,Bundaberg,,,
APAC Superstore,Australia,Queensland,Cairns,,,
APAC Superstore,Australia,Queensland,Gladstone,,,
APAC Superstore,Australia,Queensland,Mackay,,,
APAC Superstore,Australia,Queensland,Maryborough,,,
APAC Superstore,Australia,Queensland,Mount Isa,,,
APAC Superstore,Australia,Queensland,Rockhampton,,,
APAC Superstore,Australia,Queensland,Toowoomba,,,
APAC Superstore,Australia,South Australia,Gawler,,,
APAC Superstore,Australia,South Australia,Mount Gambier,,,
APAC Superstore,Australia,South Australia,Murray Bridge,,,
APAC Superstore,Australia,South Australia,Whyalla,,,
APAC Superstore,Australia,Tasmania,Burnie,,,
APAC Superstore,Australia,Tasmania,Devonport,,,
APAC Superstore,Australia,Tasmania,Hobart,,,
APAC Superstore,Australia,Tasmania,Launceston,,,
APAC Superstore,Australia,Victoria,Ballarat,,,
APAC Superstore,Australia,Victoria,Bendigo,,,
APAC Superstore,Australia,Victoria,Echuca,,,
APAC Superstore,Australia,Victoria,Geelong,,,
APAC Superstore,Australia,Victoria,Melbourne,,,
APAC Superstore,Australia,Victoria,Melton,,,
APAC Superstore,Australia,Victoria,Mildura,,,
APAC Superstore,Australia,Victoria,Sunbury,,,
APAC Superstore,Australia,Victoria,Traralgon,,,
APAC Superstore,Australia,Victoria,Warrnambool,,,
APAC Superstore,Australia,Victoria,Wodonga,,,
APAC Superstore,Australia,Western Australia,Albany,,,
APAC Superstore,Australia,Western Australia,Bunbury,,,
APAC Superstore,Australia,Western Australia,Geraldton,,,
APAC Superstore,Australia,Western Australia,Perth,,,
APAC Superstore,Bangladesh,Chittagong,Chittagong,,,
APAC Superstore,Bangladesh,Chittagong,Cox’s B?z?r,,,
APAC Superstore,Bangladesh,Dhaka,Dhaka,,,
APAC Superstore,Bangladesh,Dhaka,Narsingdi,,,
APAC Superstore,Bangladesh,Khulna,Khulna,,,
APAC Superstore,Bangladesh,Rajshahi,Rajshahi,,,
APAC Superstore,Bangladesh,Sylhet,Sylhet,,,
APAC Superstore,Cambodia,Phnom Penh,Phnom Penh,,,
APAC Superstore,China,Anhui,Anqing,,,
APAC Superstore,China,Anhui,Bengbu,,,
APAC Superstore,China,Anhui,Hefei,,,
APAC Superstore,China,Anhui,Huaibei,,,
APAC Superstore,China,Anhui,Huainan,,,
APAC Superstore,China,Anhui,Huangshan,,,
APAC Superstore,China,Anhui,Suzhou,,,
APAC Superstore,China,Anhui,Tongling,,,
APAC Superstore,China,Beijing,Beijing,,,
APAC Superstore,China,Chongqing,Chongqing,,,
APAC Superstore,China,Fujian,Fuzhou,,,
APAC Superstore,China,Fujian,Quanzhou,,,
APAC Superstore,China,Fujian,Sanming,,,
APAC Superstore,China,Fujian,Zhangzhou,,,
APAC Superstore,China,Gansu,Lanzhou,,,
APAC Superstore,China,Gansu,Suzhou,,,
APAC Superstore,China,Guangdong,Chaozhou,,,
APAC Superstore,China,Guangdong,Dongguan,,,
APAC Superstore,China,Guangdong,Foshan,,,
APAC Superstore,China,Guangdong,Guangzhou,,,
APAC Superstore,China,Guangdong,Heyuan,,,
APAC Superstore,China,Guangdong,Huizhou,,,
APAC Superstore,China,Guangdong,Jiangmen,,,
APAC Superstore,China,Guangdong,Jieyang,,,
APAC Superstore,China,Guangdong,Meizhou,,,
APAC Superstore,China,Guangdong,Shantou,,,
APAC Superstore,China,Guangdong,Shenzhen,,,
APAC Superstore,China,Guangdong,Yangjiang,,,
APAC Superstore,China,Guangdong,Zhanjiang,,,
APAC Superstore,China,Guangdong,Zhaoqing,,,
APAC Superstore,China,Guangdong,Zhuhai,,,
APAC Superstore,China,Guangxi,Guilin,,,
APAC Superstore,China,Guangxi,Nanning,,,
APAC Superstore,China,Guangxi,Wuzhou,,,
APAC Superstore,China,Guizhou,Anshun,,,
APAC Superstore,China,Guizhou,Bijie,,,
APAC Superstore,China,Guizhou,Guiyang,,,
APAC Superstore,China,Guizhou,Zunyi,,,
APAC Superstore,China,Hainan,Haikou,,,
APAC Superstore,China,Hainan,Sanya,,,
APAC Superstore,China,Hebei,Baoding,,,
APAC Superstore,China,Hebei,Cangzhou,,,
APAC Superstore,China,Hebei,Handan,,,
APAC Superstore,China,Hebei,Langfang,,,
APAC Superstore,China,Hebei,Shijiazhuang,,,
APAC Superstore,China,Hebei,Tangshan,,,
APAC Superstore,China,Hebei,Xingtai,,,
APAC Superstore,China,Hebei,Zhangjiakou,,,
APAC Superstore,China,Heilongjiang,Daqing,,,
APAC Superstore,China,Heilongjiang,Harbin,,,
APAC Superstore,China,Heilongjiang,Jiamusi,,,
APAC Superstore,China,Heilongjiang,Jixi,,,
APAC Superstore,China,Heilongjiang,Mudanjiang,,,
APAC Superstore,China,Heilongjiang,Qiqihar,,,
APAC Superstore,China,Heilongjiang,Qitaihe,,,
APAC Superstore,China,Heilongjiang,Shuangyashan,,,
APAC Superstore,China,Heilongjiang,Suihua,,,
APAC Superstore,China,Heilongjiang,Yichun,,,
APAC Superstore,China,Henan,Jiaozuo,,,
APAC Superstore,China,Henan,Kaifeng,,,
APAC Superstore,China,Henan,Luohe,,,
APAC Superstore,China,Henan,Luoyang,,,
APAC Superstore,China,Henan,Nanyang,,,
APAC Superstore,China,Henan,Pingdingshan,,,
APAC Superstore,China,Henan,Puyang,,,
APAC Superstore,China,Henan,Shangqiu,,,
APAC Superstore,China,Henan,Xinxiang,,,
APAC Superstore,China,Henan,Zhengzhou,,,
APAC Superstore,China,Henan,Zhoukou,,,
APAC Superstore,China,Henan,Zhumadian,,,
APAC Superstore,China,Hubei,Ezhou,,,
APAC Superstore,China,Hubei,Huangshi,,,
APAC Superstore,China,Hubei,Jingmen,,,
APAC Superstore,China,Hubei,Suizhou,,,
APAC Superstore,China,Hubei,Wuhan,,,
APAC Superstore,China,Hubei,Xiangfan,,,
APAC Superstore,China,Hubei,Xianning,,,
APAC Superstore,China,Hubei,Xiaogan,,,
APAC Superstore,China,Hunan,Changde,,,
APAC Superstore,China,Hunan,Changsha,,,
APAC Superstore,China,Hunan,Chenzhou,,,
APAC Superstore,China,Hunan,Hengyang,,,
APAC Superstore,China,Hunan,Huaihua,,,
APAC Superstore,China,Hunan,Loudi,,,
APAC Superstore,China,Hunan,Xiangtan,,,
APAC Superstore,China,Hunan,Yiyang,,,
APAC Superstore,China,Hunan,Yueyang,,,
APAC Superstore,China,Hunan,Zhuzhou,,,
APAC Superstore,China,Inner Mongolia,Baotou,,,
APAC Superstore,China,Inner Mongolia,Chifeng,,,
APAC Superstore,China,Inner Mongolia,Hohhot,,,
APAC Superstore,China,Inner Mongolia,Tongliao,,,
APAC Superstore,China,Inner Mongolia,Wuhai,,,
APAC Superstore,China,Jiangsu,Changzhou,,,
APAC Superstore,China,Jiangsu,Huaiyin,,,
APAC Superstore,China,Jiangsu,Nantong,,,
APAC Superstore,China,Jiangsu,Suzhou,,,
APAC Superstore,China,Jiangsu,Taizhou,,,
APAC Superstore,China,Jiangsu,Wuxi,,,
APAC Superstore,China,Jiangsu,Xuzhou,,,
APAC Superstore,China,Jiangsu,Yancheng,,,
APAC Superstore,China,Jiangsu,Yangzhou,,,
APAC Superstore,China,Jiangsu,Zhenjiang,,,
APAC Superstore,China,Jiangxi,Jingdezhen,,,
APAC Superstore,China,Jiangxi,Nanchang,,,
APAC Superstore,China,Jiangxi,Pingxiang,,,
APAC Superstore,China,Jiangxi,Yichun,,,
APAC Superstore,China,Jilin,Changchun,,,
APAC Superstore,China,Jilin,Jilin,,,
APAC Superstore,China,Jilin,Liaoyuan,,,
APAC Superstore,China,Jilin,Siping,,,
APAC Superstore,China,Liaoning,Anshan,,,
APAC Superstore,China,Liaoning,Benxi,,,
APAC Superstore,China,Liaoning,Chaoyang,,,
APAC Superstore,China,Liaoning,Dalian,,,
APAC Superstore,China,Liaoning,Fushun,,,
APAC Superstore,China,Liaoning,Liaoyang,,,
APAC Superstore,China,Liaoning,Shenyang,,,
APAC Superstore,China,Liaoning,Tieling,,,
APAC Superstore,China,Qinghai,Xining,,,
APAC Superstore,China,Shaanxi,Xi'an,,,
APAC Superstore,China,Shaanxi,Xianyang,,,
APAC Superstore,China,Shaanxi,Yulin,,,
APAC Superstore,China,Shandong,Binzhou,,,
APAC Superstore,China,Shandong,Heze,,,
APAC Superstore,China,Shandong,Jinan,,,
APAC Superstore,China,Shandong,Jining,,,
APAC Superstore,China,Shandong,Liaocheng,,,
APAC Superstore,China,Shandong,Linyi,,,
APAC Superstore,China,Shandong,Qingdao,,,
APAC Superstore,China,Shandong,Rizhao,,,
APAC Superstore,China,Shandong,Weifang,,,
APAC Superstore,China,Shandong,Weihai,,,
APAC Superstore,China,Shandong,Zaozhuang,,,
APAC Superstore,China,Shanghai,Shanghai,,,
APAC Superstore,China,Shanxi,Datong,,,
APAC Superstore,China,Shanxi,Jincheng,,,
APAC Superstore,China,Shanxi,Taiyuan,,,
APAC Superstore,China,Shanxi,Xinzhou,,,
APAC Superstore,China,Shanxi,Yangquan,,,
APAC Superstore,China,Shanxi,Yuncheng,,,
APAC Superstore,China,Sichuan,Chengdu,,,
APAC Superstore,China,Sichuan,Deyang,,,
APAC Superstore,China,Sichuan,Leshan,,,
APAC Superstore,China,Sichuan,Mianyang,,,
APAC Superstore,China,Sichuan,Nanchong,,,
APAC Superstore,China,Sichuan,Neijiang,,,
APAC Superstore,China,Sichuan,Suining,,,
APAC Superstore,China,Sichuan,Yibin,,,
APAC Superstore,China,Sichuan,Zigong,,,
APAC Superstore,China,Tianjin,Tianjin,,,
APAC Superstore,China,Xinjiang Uygur,Aksu,,Xinjiang,
APAC Superstore,China,Yunnan,Kunming,,,
APAC Superstore,China,Zhejiang,Hangzhou,,,
APAC Superstore,China,Zhejiang,Huzhou,,,
APAC Superstore,China,Zhejiang,Jiaxing,,,
APAC Superstore,China,Zhejiang,Jinhua,,,
APAC Superstore,China,Zhejiang,Ningbo,,,
APAC Superstore,China,Zhejiang,Shaoxing,,,
APAC Superstore,China,Zhejiang,Wenzhou,,,
APAC Superstore,Hong Kong SAR,Hong Kong SAR,Kowloon,Hong Kong,,
APAC Superstore,India,Andhra Pradesh,Anantapur,,,
APAC Superstore,India,Andhra Pradesh,Guntur,,,
APAC Superstore,India,Andhra Pradesh,Kakinada,,,
APAC Superstore,India,Andhra Pradesh,Nellore,,,
APAC Superstore,India,Andhra Pradesh,Tirupati,,,
APAC Superstore,India,Andhra Pradesh,Vijayawada,,,
APAC Superstore,India,Andhra Pradesh,Visakhapatnam,,,
APAC Superstore,India,Assam,Guwahati,,,
APAC Superstore,India,Bihar,Aurangabad,,,
APAC Superstore,India,Bihar,Bihar Sharif,,,
APAC Superstore,India,Bihar,Darbhanga,,,
APAC Superstore,India,Bihar,Gaya,,,
APAC Superstore,India,Bihar,Muzaffarpur,,,
APAC Superstore,India,Bihar,Patna,,,
APAC Superstore,India,Chandigarh,Chandigarh,,,
APAC Superstore,India,Chhattisgarh,Durg,,,
APAC Superstore,India,Chhattisgarh,Korba,,,
APAC Superstore,India,Chhattisgarh,Kota,,,
APAC Superstore,India,Chhattisgarh,Raipur,,,
APAC Superstore,India,Delhi,New Delhi,,,
APAC Superstore,India,Gujarat,Bhavnagar,,,
APAC Superstore,India,Gujarat,Jamnagar,,,
APAC Superstore,India,Gujarat,Rajkot,,,
APAC Superstore,India,Gujarat,Surat,,,
APAC Superstore,India,Gujarat,Vadodara,,,
APAC Superstore,India,Haryana,Faridabad,,,
APAC Superstore,India,Haryana,Hisar,,,
APAC Superstore,India,Haryana,Karnal,,,
APAC Superstore,India,Haryana,Panipat,,,
APAC Superstore,India,Haryana,Rohtak,,,
APAC Superstore,India,Haryana,Sonipat,,,
APAC Superstore,India,Jammu and Kashmir,Jammu,,,
APAC Superstore,India,Jammu and Kashmir,Srinagar,,,
APAC Superstore,India,Jharkhand,Jamshedpur,,,
APAC Superstore,India,Jharkhand,Ranchi,,,
APAC Superstore,India,Karnataka,Bangalore,,,
APAC Superstore,India,Karnataka,Belgaum,,,
APAC Superstore,India,Karnataka,Bellary,,,
APAC Superstore,India,Karnataka,Bijapur,,,
APAC Superstore,India,Karnataka,Gulbarga,,,
APAC Superstore,India,Karnataka,Hubli,,,
APAC Superstore,India,Karnataka,Mangalore,,,
APAC Superstore,India,Karnataka,Mysore,,,
APAC Superstore,India,Karnataka,Shimoga,,,
APAC Superstore,India,Kerala,Kochi,,,
APAC Superstore,India,Kerala,Kollam,,,
APAC Superstore,India,Kerala,Kozhikode,,,
APAC Superstore,India,Kerala,Thiruvananthapuram,,,
APAC Superstore,India,Madhya Pradesh,Bhopal,,,
APAC Superstore,India,Madhya Pradesh,Dewas,,,
APAC Superstore,India,Madhya Pradesh,Gwalior,,,
APAC Superstore,India,Madhya Pradesh,Indore,,,
APAC Superstore,India,Madhya Pradesh,Jabalpur,,,
APAC Superstore,India,Madhya Pradesh,Ratlam,,,
APAC Superstore,India,Madhya Pradesh,Satna,,,
APAC Superstore,India,Madhya Pradesh,Ujjain,,,
APAC Superstore,India,Maharashtra,Akola,,,
APAC Superstore,India,Maharashtra,Amravati,,,
APAC Superstore,India,Maharashtra,Aurangabad,,,
APAC Superstore,India,Maharashtra,Bhiwandi,,,
APAC Superstore,India,Maharashtra,Dhule,,,
APAC Superstore,India,Maharashtra,Ichalkaranji,,,
APAC Superstore,India,Maharashtra,Jalna,,,
APAC Superstore,India,Maharashtra,Kalyan,,,
APAC Superstore,India,Maharashtra,Kolhapur,,,
APAC Superstore,India,Maharashtra,Latur,,,
APAC Superstore,India,Maharashtra,Malegaon,,,
APAC Superstore,India,Maharashtra,Mumbai,,,
APAC Superstore,India,Maharashtra,Nagpur,,,
APAC Superstore,India,Maharashtra,Nasik,,,
APAC Superstore,India,Maharashtra,Parbhani,,,
APAC Superstore,India,Maharashtra,Pimpri,,,
APAC Superstore,India,Maharashtra,Pune,,,
APAC Superstore,India,Maharashtra,Sangli,,,
APAC Superstore,India,Maharashtra,Solapur,,,
APAC Superstore,India,Maharashtra,Thane,,,
APAC Superstore,India,Maharashtra,Ulhasnagar,,,
APAC Superstore,India,Manipur,Imphal,,,
APAC Superstore,India,Odisha,Bhubaneswar,,,
APAC Superstore,India,Odisha,Brahmapur,,,
APAC Superstore,India,Odisha,Cuttack,,,
APAC Superstore,India,Punjab,Amritsar,,,
APAC Superstore,India,Punjab,Bhatinda,,,
APAC Superstore,India,Punjab,Ludhiana,,,
APAC Superstore,India,Punjab,Patiala,,,
APAC Superstore,India,Rajasthan,Ajmer,,,
APAC Superstore,India,Rajasthan,Bharatpur,,,
APAC Superstore,India,Rajasthan,Bhilwara,,,
APAC Superstore,India,Rajasthan,Bikaner,,,
APAC Superstore,India,Rajasthan,Fatehpur,,,
APAC Superstore,India,Rajasthan,Ganganagar,,,
APAC Superstore,India,Rajasthan,Jaipur,,,
APAC Superstore,India,Rajasthan,Jodhpur,,,
APAC Superstore,India,Rajasthan,Kota,,,
APAC Superstore,India,Rajasthan,Raipur,,,
APAC Superstore,India,Tamil Nadu,Chennai,,,
APAC Superstore,India,Tamil Nadu,Coimbatore,,,
APAC Superstore,India,Tamil Nadu,Madurai,,,
APAC Superstore,India,Tamil Nadu,Nagercoil,,,
APAC Superstore,India,Tamil Nadu,Salem,,,
APAC Superstore,India,Tamil Nadu,Thanjavur,,,
APAC Superstore,India,Tamil Nadu,Tiruchchirappalli,,,
APAC Superstore,India,Tamil Nadu,Tirunelveli,,,
APAC Superstore,India,Tamil Nadu,Tiruppur,,,
APAC Superstore,India,Tripura,Udaipur,,,
APAC Superstore,India,Uttar Pradesh,Agra,,,
APAC Superstore,India,Uttar Pradesh,Aligarh,,,
APAC Superstore,India,Uttar Pradesh,Allahabad,,,
APAC Superstore,India,Uttar Pradesh,Bareilly,,,
APAC Superstore,India,Uttar Pradesh,Bilaspur,,,
APAC Superstore,India,Uttar Pradesh,Etawah,,,
APAC Superstore,India,Uttar Pradesh,Firozabad,,,
APAC Superstore,India,Uttar Pradesh,Ghaziabad,,,
APAC Superstore,India,Uttar Pradesh,Gorakhpur,,,
APAC Superstore,India,Uttar Pradesh,Hapur,,,
APAC Superstore,India,Uttar Pradesh,Jhansi,,,
APAC Superstore,India,Uttar Pradesh,Kanpur,,,
APAC Superstore,India,Uttar Pradesh,Lucknow,,,
APAC Superstore,India,Uttar Pradesh,Mathura,,,
APAC Superstore,India,Uttar Pradesh,Mau,,,
APAC Superstore,India,Uttar Pradesh,Meerut,,,
APAC Superstore,India,Uttar Pradesh,Mirzapur,,,
APAC Superstore,India,Uttar Pradesh,Moradabad,,,
APAC Superstore,India,Uttar Pradesh,Saharanpur,,,
APAC Superstore,India,Uttar Pradesh,Shahjahanpur,,,
APAC Superstore,India,Uttar Pradesh,Varanasi,,,
APAC Superstore,India,Uttarakhand,Dehra Dun,,,
APAC Superstore,India,West Bengal,Asansol,,,
APAC Superstore,India,West Bengal,Barasat,,,
APAC Superstore,India,West Bengal,Barddhaman,,,
APAC Superstore,India,West Bengal,Durgapur,,,
APAC Superstore,Indonesia,Aceh,Banda Aceh,,,
APAC Superstore,Indonesia,Bali,Denpasar,,,
APAC Superstore,Indonesia,Bengkulu,Bengkulu,,,
APAC Superstore,Indonesia,Jakarta,Jakarta,,,
APAC Superstore,Indonesia,Jambi,Jambi,,,
APAC Superstore,Indonesia,Jawa Barat,Bandung,,,
APAC Superstore,Indonesia,Jawa Barat,Bekasi,,,
APAC Superstore,Indonesia,Jawa Barat,Bogor,,,
APAC Superstore,Indonesia,Jawa Barat,Cirebon,,,
APAC Superstore,Indonesia,Jawa Barat,Depok,,,
APAC Superstore,Indonesia,Jawa Barat,Sukabumi,,,
APAC Superstore,Indonesia,Jawa Barat,Tasikmalaya,,,
APAC Superstore,Indonesia,Jawa Tengah,Pekalongan,,,
APAC Superstore,Indonesia,Jawa Tengah,Purwokerto,,,
APAC Superstore,Indonesia,Jawa Tengah,Semarang,,,
APAC Superstore,Indonesia,Jawa Tengah,Surakarta,,,
APAC Superstore,Indonesia,Jawa Tengah,Tegal,,,
APAC Superstore,Indonesia,Jawa Timur,Jember,,,
APAC Superstore,Indonesia,Jawa Timur,Kediri,,,
APAC Superstore,Indonesia,Jawa Timur,Malang,,,
APAC Superstore,Indonesia,Jawa Timur,Probolinggo,,,
APAC Superstore,Indonesia,Jawa Timur,Surabaya,,,
APAC Superstore,Indonesia,Kalimantan Barat,Pontianak,,,
APAC Superstore,Indonesia,Kalimantan Selatan,Banjarmasin,,,
APAC Superstore,Indonesia,Kalimantan Timur,Balikpapan,,,
APAC Superstore,Indonesia,Kalimantan Timur,Samarinda,,,
APAC Superstore,Indonesia,Maluku,Ambon,,,
APAC Superstore,Indonesia,Nusa Tenggara Barat,Mataram,,,
APAC Superstore,Indonesia,Nusa Tenggara Timur,Kupang,,,
APAC Superstore,Indonesia,Papua,Jayapura,,,
APAC Superstore,Indonesia,Riau,Dumai,,,
APAC Superstore,Indonesia,Riau,Pekanbaru,,,
APAC Superstore,Indonesia,Sulawesi Tengah,Palu,,,
APAC Superstore,Indonesia,Sulawesi Tenggara,Kendari,,,
APAC Superstore,Indonesia,Sulawesi Utara,Manado,,,
APAC Superstore,Indonesia,Sumatera Barat,Padang,,,
APAC Superstore,Indonesia,Sumatera Selatan,Palembang,,,
APAC Superstore,Indonesia,Sumatera Utara,Binjai,,,
APAC Superstore,Indonesia,Sumatera Utara,Medan,,,
APAC Superstore,Indonesia,Sumatera Utara,Pematangsiantar,,,
APAC Superstore,Indonesia,Yogyakarta,Depok,,,
APAC Superstore,Indonesia,Yogyakarta,Yogyakarta,,,
APAC Superstore,Japan,Aichi,Anjo,,,
APAC Superstore,Japan,Aichi,Handa,,,
APAC Superstore,Japan,Aichi,Kasugai,,,
APAC Superstore,Japan,Aichi,Toyohashi,,,
APAC Superstore,Japan,Aomori,Hachinohe,,,
APAC Superstore,Japan,Chiba,Funabashi,,,
APAC Superstore,Japan,Chiba,Ichikawa,,,
APAC Superstore,Japan,Chiba,Matsudo,,,
APAC Superstore,Japan,Chiba,Noda,,,
APAC Superstore,Japan,Fukui,Fukui,,,
APAC Superstore,Japan,Fukuoka,Tagawa,,,
APAC Superstore,Japan,Gunma,Takasaki,,,
APAC Superstore,Japan,Hiroshima,Fukuyama,,,
APAC Superstore,Japan,Hiroshima,Kure,,,
APAC Superstore,Japan,Hyogo,Amagasaki,,,
APAC Superstore,Japan,Hyogo,Himeji,,,
APAC Superstore,Japan,Hyogo,Kita-ku,,,
APAC Superstore,Japan,Hyogo,Nishinomiya,,,
APAC Superstore,Japan,Ibaraki,Tsukuba,,,
APAC Superstore,Japan,Ishikawa,Komatsu,,,
APAC Superstore,Japan,Kagawa,Takamatsu,,,
APAC Superstore,Japan,Kamikawa,Asahikawa,,,
APAC Superstore,Japan,Kanagawa,Chigasaki,,,
APAC Superstore,Japan,Kanagawa,Fujisawa,,,
APAC Superstore,Japan,Kanagawa,Hiratsuka,,,
APAC Superstore,Japan,Mie,Yokkaichi,,,
APAC Superstore,Japan,Nagano,Matsumoto,,,
APAC Superstore,Japan,Nagano,Ueda,,,
APAC Superstore,Japan,Nagasaki,Nagasaki,,,
APAC Superstore,Japan,Oita,Hita,,,
APAC Superstore,Japan,Oita,Saiki,,,
APAC Superstore,Japan,Okayama,Kurashiki,,,
APAC Superstore,Japan,Osaka,Hirakata,,,
APAC Superstore,Japan,Osaka,Ibaraki,,,
APAC Superstore,Japan,Osaka,Takatsuki,,,
APAC Superstore,Japan,Osaka,Yao,,,
APAC Superstore,Japan,Saga,Takeo,,,
APAC Superstore,Japan,Saitama,Kawagoe,,,
APAC Superstore,Japan,Saitama,Kawaguchi,,,
APAC Superstore,Japan,Saitama,Koshigaya,,,
APAC Superstore,Japan,Shizuoka,Fuji,,,
APAC Superstore,Japan,Tochigi,Oyama,,,
APAC Superstore,Japan,Tokyo,Edogawa-ku,,,
APAC Superstore,Japan,Tokyo,Katsushika-ku,,,
APAC Superstore,Japan,Tokyo,Tokyo,,,
APAC Superstore,Japan,Tottori,Tottori,,,
APAC Superstore,Japan,Yamaguchi,Shimonoseki,,,
APAC Superstore,Japan,Yamaguchi,Ube,,,
APAC Superstore,Malaysia,Kuala Lumpur,Kuala Lumpur,,,
APAC Superstore,Malaysia,Negeri Sembilan,Seremban,,,
APAC Superstore,Malaysia,Pahang,Kuantan,,,
APAC Superstore,Malaysia,Perak,Ipoh,,,
APAC Superstore,Malaysia,Perak,Taiping,,,
APAC Superstore,Malaysia,Sabah,Kota Kinabalu,,,
APAC Superstore,Malaysia,Sabah,Sandakan,,,
APAC Superstore,Malaysia,Sabah,Tawau,,,
APAC Superstore,Malaysia,Sarawak,Kuching,,,
APAC Superstore,Malaysia,Selangor,Shah Alam,,,
APAC Superstore,Malaysia,Trengganu,Kuala Terengganu,,,
APAC Superstore,Mongolia,Ulaanbaatar,Ulan Bator,,,
APAC Superstore,Myanmar (Burma),Yangon,Yangon,Myanmar,,
APAC Superstore,Nepal,Western,Myagdi,,,
APAC Superstore,Nepal,Western,Syangja,,,
APAC Superstore,Nepal,Western,Tanahu,,,
APAC Superstore,New Zealand,Auckland,Auckland,,,
APAC Superstore,New Zealand,Auckland,Papakura,,,
APAC Superstore,New Zealand,Bay of Plenty,Rotorua,,,
APAC Superstore,New Zealand,Bay of Plenty,Tauranga,,,
APAC Superstore,New Zealand,Bay of Plenty,Whakatane,,,
APAC Superstore,New Zealand,Canterbury,Christchurch,,,
APAC Superstore,New Zealand,Canterbury,Timaru,,,
APAC Superstore,New Zealand,Gisborne,Gisborne,,,
APAC Superstore,New Zealand,Hawke's Bay,Hastings,,,
APAC Superstore,New Zealand,Hawke's Bay,Napier,,,
APAC Superstore,New Zealand,Manawatu-Wanganui,Levin,,,
APAC Superstore,New Zealand,Manawatu-Wanganui,Palmerston North,,,
APAC Superstore,New Zealand,Marlborough,Blenheim,,,
APAC Superstore,New Zealand,Nelson,Nelson,,,
APAC Superstore,New Zealand,Northland,Whangarei,,,
APAC Superstore,New Zealand,Otago,Dunedin,,,
APAC Superstore,New Zealand,Southland,Invercargill,,,
APAC Superstore,New Zealand,Taranaki,New Plymouth,,,
APAC Superstore,New Zealand,Waikato,Cambridge,,,
APAC Superstore,New Zealand,Waikato,Hamilton,,,
APAC Superstore,New Zealand,Waikato,Taupo,,,
APAC Superstore,New Zealand,Wellington,Lower Hutt,,,
APAC Superstore,New Zealand,Wellington,Masterton,,,
APAC Superstore,New Zealand,Wellington,Paraparaumu,,,
APAC Superstore,New Zealand,Wellington,Porirua,,,
APAC Superstore,New Zealand,Wellington,Upper Hutt,,,
APAC Superstore,New Zealand,Wellington,Wellington,,,
APAC Superstore,Pakistan,Baluchistan,Quetta,,,
APAC Superstore,Pakistan,F.C.T.,Islamabad,,Islamabad Capital Territory,
APAC Superstore,Pakistan,Khyber Pakhtunkhwa,Peshawar,,,
APAC Superstore,Pakistan,Punjab,Bahawalpur,,,
APAC Superstore,Pakistan,Punjab,Gujranwala,,,
APAC Superstore,Pakistan,Punjab,Lahore,,,
APAC Superstore,Pakistan,Punjab,Multan,,,
APAC Superstore,Pakistan,Punjab,Rawalpindi,,,
APAC Superstore,Pakistan,Punjab,Sargodha,,,
APAC Superstore,Pakistan,Punjab,Sialkot,,,
APAC Superstore,Pakistan,Sindh,Hyderabad,,,
APAC Superstore,Pakistan,Sindh,Sukkur,,,
APAC Superstore,Papua New Guinea,National Capital,Port Moresby,,,
APAC Superstore,Philippines,Benguet,Baguio City,,,
APAC Superstore,Philippines,Bukidnon,Valencia,,,
APAC Superstore,Philippines,Bulacan,San Jose del Monte,,,
APAC Superstore,Philippines,Cavite,Bacoor,,,
APAC Superstore,Philippines,Laguna,Calamba,,,
APAC Superstore,Philippines,Laguna,San Pedro,,,
APAC Superstore,Philippines,Metro Manila,Caloocan,,,
APAC Superstore,Philippines,Metro Manila,Las Pinas,,,
APAC Superstore,Philippines,Metro Manila,Makati,,,
APAC Superstore,Philippines,Metro Manila,Manila,,,
APAC Superstore,Philippines,Metro Manila,Marikina,,,
APAC Superstore,Philippines,Metro Manila,Pasig,,,
APAC Superstore,Philippines,Metro Manila,Valenzuela,,,
APAC Superstore,Philippines,Negros Occidental,Bacolod City,,,
APAC Superstore,Philippines,Pampanga,Angeles City,,,
APAC Superstore,Philippines,Rizal,Antipolo,,,
APAC Superstore,Philippines,Rizal,Cainta,,,
APAC Superstore,Philippines,Rizal,Taytay,,,
APAC Superstore,Singapore,Downtown Core,Singapore,,,Marina Bay
APAC Superstore,South Korea,Busan,Busan,,,
APAC Superstore,South Korea,Daegu,Daegu,,,
APAC Superstore,South Korea,Daejeon,Daejeon,,,
APAC Superstore,South Korea,Gangwon,Chuncheon,,,
APAC Superstore,South Korea,Gyeonggi,Anyang,,,
APAC Superstore,South Korea,Gyeonggi,Bucheon,,,
APAC Superstore,South Korea,Gyeonggi,Goyang,,,
APAC Superstore,South Korea,Gyeonggi,Kwangju,,,
APAC Superstore,South Korea,Gyeonggi,Suwon,,,
APAC Superstore,South Korea,Gyeongsangnam,Changwon,,,
APAC Superstore,South Korea,Jeju,Aew?l-li,,,
APAC Superstore,South Korea,Seoul,Seoul,,Gyeonggi,
APAC Superstore,South Korea,South Chungcheong,Cheonan,,,
APAC Superstore,South Korea,Ulsan,Ulsan,,,
APAC Superstore,Sri Lanka,Western,Colombo,,,
APAC Superstore,Taiwan,Taipei City,Taipei,,,
APAC Superstore,Thailand,Bangkok,Bangkok,,Krung Thep,
APAC Superstore,Thailand,Nakhon Ratchasima,Nakhon Ratchasima,,Isan,
APAC Superstore,Vietnam,Dà Nang,Da Nang,,,
APAC Superstore,Vietnam,Ho Chí Minh City,Ho Chi Minh City,,,
APAC Superstore,Vietnam,Khánh Hòa,Nha Trang,,,
APAC Superstore,Vietnam,Kiên Giang,Rach Gia,,,
APAC Superstore,Vietnam,Th? Dô Hà N?i,Hanoi,,,
APAC Superstore,Vietnam,T?nh C?n Th?,Can Tho,,,
Contoso,Armenia,Armenia,Yerevan,,,
Contoso,Australia,Molonglo,Canberra,,Australian Capital Territory,
Contoso,Australia,New South Wales,Coffs Harbour,,,
Contoso,Australia,New South Wales,Darlinghurst,,,
Contoso,Australia,New South Wales,Goulburn,,,
Contoso,Australia,New South Wales,Lane Cove,,,
Contoso,Australia,New South Wales,Lavender Bay,,,
Contoso,Australia,New South Wales,Malabar,,,
Contoso,Australia,New South Wales,Matraville,,,
Contoso,Australia,New South Wales,Milsons Point,,,
Contoso,Australia,New South Wales,Newcastle,,,
Contoso,Australia,New South Wales,North Ryde,,,
Contoso,Australia,New South Wales,North Sydney,,,
Contoso,Australia,New South Wales,Port Macquarie,,,
Contoso,Australia,New South Wales,Rhodes,,,
Contoso,Australia,New South Wales,Silverwater,,,
Contoso,Australia,New South Wales,Springwood,,,
Contoso,Australia,New South Wales,St. Leonards,,,
Contoso,Australia,New South Wales,Sydney,,,
Contoso,Australia,New South Wales,Wollongong,,,
Contoso,Australia,Queensland,Brisbane,,,
Contoso,Australia,Queensland,Caloundra,,,
Contoso,Australia,Queensland,East Brisbane,,,
Contoso,Australia,Queensland,Gold Coast,,,
Contoso,Australia,Queensland,Hawthorne,,,
Contoso,Australia,Queensland,Hervey Bay,,,
Contoso,Australia,Queensland,Rockhampton,,,
Contoso,Australia,Queensland,Townsville,,,
Contoso,Australia,South Australia,Cloverdale,,,
Contoso,Australia,South Australia,Findon,,,
Contoso,Australia,South Australia,Perth,,,Adelaide
Contoso,Australia,Tasmania,Hobart,,,
Contoso,Australia,Victoria,Bendigo,,,
Contoso,Australia,Victoria,Cranbourne,,,
Contoso,Australia,Victoria,Geelong,,,
Contoso,Australia,Victoria,Melbourne,,,
Contoso,Australia,Victoria,Melton,,,
Contoso,Australia,Victoria,Seaford,,,
Contoso,Australia,Victoria,South Melbourne,,,
Contoso,Australia,Victoria,Sunbury,,,
Contoso,Australia,Victoria,Warrnambool,,,
Contoso,Bhutan,Thimphu District,Thimphu,,Thimphu,
Contoso,Canada,Alberta,Calgary,,,
Contoso,Canada,British Columbia,Burnaby,,,
Contoso,Canada,British Columbia,Cliffside,,,
Contoso,Canada,British Columbia,Haney,,,
Contoso,Canada,British Columbia,Langford,,,
Contoso,Canada,British Columbia,Langley,,,
Contoso,Canada,British Columbia,Metchosin,,,
Contoso,Canada,British Columbia,N. Vancouver,,,
Contoso,Canada,British Columbia,Newton,,,
Contoso,Canada,British Columbia,Oak Bay,,,
Contoso,Canada,British Columbia,Port Hammond,,,
Contoso,Canada,British Columbia,Royal Oak,,,
Contoso,Canada,British Columbia,Shawnee,,,
Contoso,Canada,British Columbia,Sooke,,,
Contoso,Canada,British Columbia,Vancouver,,,
Contoso,Canada,British Columbia,Victoria,,,
Contoso,Canada,British Columbia,Westminster,,,
Contoso,Canada,Ontario,Chalk River,,,
Contoso,Canada,Ontario,Ottawa,,,
Contoso,China,Beijing,Beijing,,,
Contoso,China,GuangDong,Guangzhou,,Guangdong,
Contoso,China,Hong Kong,Hong Kong,Hong Kong,,Kowloon
Contoso,China,Shanghai,Shanghai,,,
Contoso,China,Xinjiang,Urumqi,,,
Contoso,France,Alpes-Maritimes,Nice,,,
Contoso,France,Essonne,Les Ulis,,,
Contoso,France,Essonne,Morangis,,,
Contoso,France,Essonne,Verrieres Le Buisson,,,
Contoso,France,Garonne (Haute),Colomiers,,Haute-Garonne,
Contoso,France,Hauts de Seine,Boulogne-Billancourt,,,
Contoso,France,Hauts de Seine,Colombes,,,
Contoso,France,Hauts de Seine,Courbevoie,,,
Contoso,France,Hauts de Seine,Paris La Defense,,,
Contoso,France,Hauts de Seine,Sèvres,,,
Contoso,France,Hauts de Seine,Suresnes,,,
Contoso,France,Loiret,Orleans,,,
Contoso,France,Moselle,Metz,,,
Contoso,France,Nord,Croix,,,
Contoso,France,Nord,Dunkerque,,,
Contoso,France,Nord,Lille,,,
Contoso,France,Nord,Roncq,,,
Contoso,France,Nord,Roubaix,,,
Contoso,France,Nord,Villeneuve-d'Ascq,,,
Contoso,France,Pas de Calais,Boulogne-sur-Mer,,,
Contoso,France,Seine (Paris),Paris,,Île-de-France,
Contoso,France,Seine et Marne,Lieusaint,,,
Contoso,France,Seine et Marne,Roissy en Brie,,,
Contoso,France,Seine Saint Denis,Bobigny,,,
Contoso,France,Seine Saint Denis,Drancy,,,
Contoso,France,Seine Saint Denis,Pantin,,,
Contoso,France,Seine Saint Denis,Saint-Denis,,,
Contoso,France,Seine Saint Denis,Tremblay-en-France,,,
Contoso,France,Somme,Saint Ouen,,,
Contoso,France,Val de Marne,Orly,,,
Contoso,France,Val d'Oise,Cergy,,,
Contoso,France,Yveline,Chatou,,,
Contoso,France,Yveline,Saint Germain en Laye,,,
Contoso,France,Yveline,Versailles,,,
Contoso,Germany,Baden-Wuerttemberg,Stuttgart,,,
Contoso,Germany,Bavaria,Erlangen,,,
Contoso,Germany,Bavaria,Hof,,,
Contoso,Germany,Bavaria,Ingolstadt,,,
Contoso,Germany,Bavaria,Poing,,,
Contoso,Germany,Berlin,Berlin,,,
Contoso,Germany,Hamburg,Hamburg ,,,
Contoso,Germany,Hesse,Darmstadt,,,
Contoso,Germany,Hesse,Frankfurt,,,
Contoso,Germany,Hesse,Kassel,,,
Contoso,Germany,Hesse,Mühlheim am Main,,,
Contoso,Germany,Hesse,Offenbach am Main,,,
Contoso,Germany,Lower Saxony,Brunswick,,,
Contoso,Germany,Lower Saxony,Hanover,,,
Contoso,Germany,Lower Saxony,Salzgitter,,,
Contoso,Germany,North Rhine-Westphalia,Bonn,,,
Contoso,Germany,North Rhine-Westphalia,Bottrop,,,
Contoso,Germany,North Rhine-Westphalia,Essen,,,
Contoso,Germany,North Rhine-Westphalia,Grevenbroich,,,
Contoso,Germany,North Rhine-Westphalia,Munster,,,
Contoso,Germany,North Rhine-Westphalia,Neunkirchen,,,
Contoso,Germany,North Rhine-Westphalia,Paderborn,,,
Contoso,Germany,North Rhine-Westphalia,Solingen,,,
Contoso,Germany,North Rhine-Westphalia,Werne,,,
Contoso,Germany,Saar,Saarbrücken,,,
Contoso,Germany,Saar,Saarlouis,,,
Contoso,Germany,Saar,Sulzbach Taunus,,,
Contoso,Germany,Saxony,Dresden,,,
Contoso,Germany,Saxony,Eilenburg,,,
Contoso,Germany,Saxony,Leipzig,,,
Contoso,Germany,Schleswig-Holstein,Kiel,,,
Contoso,Germany ,Bavaria,Munich,,,
Contoso,Germany ,North Rhine-Westphalia,Dusseldorf,,,
Contoso,Germany ,North Rhine-Westphalia,Koln,,,
Contoso,Greece ,Central Greece and Evvoia,Athens,,Attica,
Contoso,India,Maharashtra,Mumbai ,,,
Contoso,India,National Capital Territory of Delhi,New Delhi,,Delhi,
Contoso,India,West Bengal,Kolkata ,,,
Contoso,Iran,Tehran,Tehran,,,
Contoso,Ireland ,Leinster,Dublin,,,
Contoso,Italy    ,Lombardia,Milan,,,
Contoso,Japan,Chubu,Nagoya ,,,
Contoso,Japan,Hokkaido,Sapporo ,,Ishikari,
Contoso,Japan,Kansai,Kyoto ,,Kyoto,Shimogyo
Contoso,Japan,Kansai,Osaka ,,Osaka,Ibaraki
Contoso,Japan,Kanto,Tokyo,,Osaka,Chuo City
Contoso,Japan,Kanto,Yokohama ,,Yokohama,Isogo
Contoso,Japan,Tohoku,Miyagi,,Miyagi,Sendai
Contoso,Kyrgyzstan,Chuy Province,Bishkek,,,
Contoso,Pakistan,Islamabad Capital Territory,Islamabad,,,
Contoso,Poland ,Warszawa,Warsaw,,,
Contoso,Portugal,Lisboa Region,Lisbon,,,
Contoso,Russia,Moskovskaya oblast,Moscow,,Central,
Contoso,Russia,Northwestern,Saint Petersburg,,,
Contoso,Singapore,Singapore,Singapore,,Marina Parade,Katong
Contoso,South Korea,Seoul-jikhalsi,Seoul,,Gyeonggi,
Contoso,South Korea,Yeongnam,Busan ,,,
Contoso,Spain,Madrid,Madrid,,,
Contoso,Switzerland ,Bern,Berne,,,
Contoso,Syria,Damascus,Damascus,,,
Contoso,Taiwan,Taiwan,Taipei,,Taipei City,
Contoso,Thailand,Krung Thep,Bangkok,,,
Contoso,the Netherlands,Noord-Holland,Amsterdam,Netherlands,,
Contoso,Turkmenistan,Ahal Province,Ashgabat,,,
Contoso,United Kingdom,England,Basingstoke Hants,England,Hampshire,
Contoso,United Kingdom,England,Berks,England,Berkshire,West Berkshire
Contoso,United Kingdom,England,Berkshire,England,Berkshire,West Berkshire
Contoso,United Kingdom,England,Billericay,England,Essex,
Contoso,United Kingdom,England,Birmingham,England,West Midlands,
Contoso,United Kingdom,England,Bracknell,England,Berkshire,Bracknell Forest
Contoso,United Kingdom,England,Bury,England,Greater Manchester,
Contoso,United Kingdom,England,Cambridge,England,Cambridgeshire,
Contoso,United Kingdom,England,Cheltenham,England,Gloucestershire,
Contoso,United Kingdom,England,Esher-Molesey,England,Surrey,Molesey
Contoso,United Kingdom,England,Gateshead,England,Gateshead,
Contoso,United Kingdom,England,Gloucestershire,England,Gloucestershire,Cheltenham
Contoso,United Kingdom,England,High Wycombe,England,Buckinghamshire,
Contoso,United Kingdom,England,Kirkby,England,Merseyside,
Contoso,United Kingdom,England,Lancaster,England,Lancashire,
Contoso,United Kingdom,England,Leeds,England,West Yorkshire,
Contoso,United Kingdom,England,Liverpool,England,Merseyside,
Contoso,United Kingdom,England,London,England,London,Soho
Contoso,United Kingdom,England,Maidenhead,England,Berkshire,Maidenhead
Contoso,United Kingdom,England,Milton Keynes,England,Buckinghamshire,
Contoso,United Kingdom,England,Newcastle upon Tyne,England,Tyne and Wear,Newcastle
Contoso,United Kingdom,England,Oxford,England,Oxfordshire,
Contoso,United Kingdom,England,Oxon,England,Oxfordshire,
Contoso,United Kingdom,England,Peterborough,England,Cambridgeshire,
Contoso,United Kingdom,England,Reading,England,Berkshire,Reading
Contoso,United Kingdom,England,Runcorn,England,Cheshire,
Contoso,United Kingdom,England,Stoke-on-Trent,England,Staffordshire,
Contoso,United Kingdom,England,W. York,England,North Yorkshire,
Contoso,United Kingdom,England,Warrington,England,Cheshire,
Contoso,United Kingdom,England,Watford,England,Hertfordshire,
Contoso,United Kingdom,England,West Sussex,England,West Sussex,Crawley
Contoso,United Kingdom,England,Wokingham,England,Berkshire,Wokingham
Contoso,United Kingdom,England,Woolston,England,Cheshire,
Contoso,United Kingdom,England,York,England,North Yorkshire,
Contoso,United Kingdom,England ,Carlisle,England,Cumbria,
Contoso,United Kingdom,England ,Cheshire,England,Cheshire,
Contoso,United Kingdom,England ,Manchester,England,Greater Manchester,
Contoso,United Kingdom,Scotland,Edinburgh,Scotland, Edinburgh,Mayfield
Contoso,United Kingdom,Scotland,Glasgow,Scotland, Glasgow,Merchant City
Contoso,United States,Alabama,Birmingham,Brazil,São Paulo,São Paulo
Contoso,United States,Alaska,Anchorage,Brazil,Rio de Janeiro,Rio de Janeiro
Contoso,United States,Arizona,Chandler,Brazil,São Paulo,São Paulo
Contoso,United States,California,Barstow,Brazil,São Paulo,São Paulo
Contoso,United States,California,Bell Gardens,Italy,Liguria,Genoa
Contoso,United States,California,Bellflower,Italy,Liguria,Genoa
Contoso,United States,California,Berkeley,Italy,Liguria,Genoa
Contoso,United States,California,Beverly Hills,Italy,Apuila,Leece
Contoso,United States,California,Burbank,Italy,Apuila,Leece
Contoso,United States,California,Burlingame,Italy,Tucany,Florence
Contoso,United States,California,Camarillo,Italy,Tucany,Florence
Contoso,United States,California,Canoga Park,Italy,Sardinia,Cagliari
Contoso,United States,California,Carson,Italy,Tucany,Florence
Contoso,United States,California,Cerritos,Italy,Lombardy,Milan
Contoso,United States,California,Chula Vista,Italy,Sicily,Catania
Contoso,United States,California,Citrus Heights,Italy,Lombardy,Milan
Contoso,United States,California,City Of Commerce,Italy,Sicily,Catania
Contoso,United States,California,Colma,Italy,Lombardy,Milan
Contoso,United States,California,Concord,Italy,Tucany,Florence
Contoso,United States,California,Coronado,Italy,Sardinia,Cagliari
Contoso,United States,California,Daly City,Italy,Tucany,Florence
Contoso,United States,California,Downey,Italy,Campania,Naples
Contoso,United States,California,El Cajon,Italy,Tucany,Florence
Contoso,United States,California,Fremont,Italy,Veneto,Venice
Contoso,United States,California,Glendale,Italy,Veneto,Venice
Contoso,United States,California,Grossmont,Italy,Campania,Naples
Contoso,United States,California,Imperial Beach,Italy,Veneto,Venice
Contoso,United States,California,La Jolla,Italy,Piedmont,Turin
Contoso,United States,California,Lakewood,Italy,Lombardy,Milan
Contoso,United States,California,Lemon Grove,Italy,Sicily,Catania
Contoso,United States,California,Lincoln Acres,Italy,Lombardy,Milan
Contoso,United States,California,Long Beach,Italy,Lombardy,Milan
Contoso,United States,California,Los Angeles,Italy,Piedmont,Turin
Contoso,United States,California,Mill Valley,Italy,Veneto,Venice
Contoso,United States,California,National City,Italy,Campania,Naples
Contoso,United States,California,Newport Beach,Italy,Veneto,Venice
Contoso,United States,California,Novato,Italy,Emilia-Romagna,Bologna
Contoso,United States,California,Oakland,Italy,Emilia-Romagna,Bologna
Contoso,United States,California,Palo Alto,Italy,Veneto,Venice
Contoso,United States,California,Redwood City,Italy,Sicily,Catania
Contoso,United States,California,San Carlos,Italy,Veneto,Venice
Contoso,United States,California,San Diego,Uruguay,Montevideo,Montevideo
Contoso,United States,California,San Francisco,Uruguay,Salto,Salto
Contoso,United States,California,San Gabriel,Uruguay,Canelones,Ciudad de la Costa
Contoso,United States,California,Santa Cruz,Uruguay,Paysandú,Paysandú
Contoso,United States,California,Santa Monica,Uruguay,Canelones,Las Piedras
Contoso,United States,California,Spring Valley,Uruguay,Rivera,Rivera
Contoso,United States,California,Torrance,Uruguay,Maldonado,Maldonado
Contoso,United States,California,West Covina,Uruguay,Tacuarembó,Tacuarembó
Contoso,United States,California,Woodland Hills,Uruguay,Cerro Largo,Melo
Contoso,United States,Colorado,Aurora,Colombia,Capital District,Bogotá
Contoso,United States,Colorado,Berthoud,Colombia,Antioquia,Medellín
Contoso,United States,Colorado,Boulder,Colombia,Valle del Cauca,Cali
Contoso,United States,Colorado,Castle Rock,Colombia,Atlántico,Barranquilla
Contoso,United States,Colorado,Denver,Colombia,Bolívar,Cartagena
Contoso,United States,Colorado,Englewood,Colombia,Norte de Santander,Cúcuta
Contoso,United States,Colorado,Grand Junction,Colombia,Santander,Bucaramanga
Contoso,United States,Colorado,Greeley,Colombia,Tolima,Ibagué
Contoso,United States,Colorado,Lafayette,Colombia,Atlántico,Soledad
Contoso,United States,Colorado,Littleton,Colombia,Risaralda,Pereira
Contoso,United States,Colorado,Loveland,Colombia,Magdalena,Santa Marta
Contoso,United States,Colorado,Milliken,Colombia,Cundinamarca,Soacha
Contoso,United States,Colorado,New Castle,Colombia,Nariño,San Juan de Pasto
Contoso,United States,Colorado,Parker,Colombia,Meta,Villavicencio
Contoso,United States,Colorado,Sedalia,Colombia,Caldas,Manizales
Contoso,United States,Colorado,Thornton,Colombia,Córdoba,Montería
Contoso,United States,Colorado,Wheat Ridge,Colombia,Antioquia,Bello
Contoso,United States,Connecticut,Darien,Brazil,São Paulo,São Paulo
Contoso,United States,Connecticut,Hartford,Brazil,Rio de Janeiro,Rio de Janeiro
Contoso,United States,Connecticut,New Haven ,Brazil,São Paulo,São Paulo
Contoso,United States,Connecticut,New London,Brazil,Rio de Janeiro,Rio de Janeiro
Contoso,United States,Connecticut,Old Saybrook,Brazil,São Paulo,São Paulo
Contoso,United States,Connecticut,Waterbury,Brazil,Rio de Janeiro,Rio de Janeiro
Contoso,United States,Florida,Bradenton,Brazil,Distrito Federal,Brasília
Contoso,United States,Florida,Cape Canaveral,Brazil,Bahia,Salvador
Contoso,United States,Florida,Clearwater,Brazil,Ceará,Fortaleza
Contoso,United States,Florida,Fort Lauderdale,Brazil,Minas Gerais,Belo Horizonte
Contoso,United States,Florida,Jacksonville,Brazil,Amazonas,Manaus
Contoso,United States,Florida,Key West,Brazil,Paraná,Curitiba
Contoso,United States,Florida,Lakeland,Brazil,Pernambuco,Recife
Contoso,United States,Florida,Miami,Brazil,Goiás,Goiânia
Contoso,United States,Florida,Naples,Brazil,Pará,Belém
Contoso,United States,Florida,Orlando,Brazil,Rio Grande do Sul,Porto Alegre
Contoso,United States,Florida,Sebring,Brazil,São Paulo,Guarulhos
Contoso,United States,Florida,Tallahassee,Brazil,São Paulo,Campinas
Contoso,United States,Florida,Tampa,Brazil,Maranhão,São Luís
Contoso,United States,Georgia,Byron,Brazil,Rio de Janeiro,São Gonçalo
Contoso,United States,Georgia,Clarkston,Brazil,Alagoas,Maceió
Contoso,United States,Georgia,Columbus,Brazil,Rio de Janeiro,Duque de Caxias
Contoso,United States,Illinois,Carol Stream,Brazil,Mato Grosso do Sul,Campo Grande
Contoso,United States,Illinois,Chicago,Brazil,Rio Grande do Norte,Natal
Contoso,United States,Kentucky,Campbellsville,Brazil,Piauí,Teresina
Contoso,United States,Maine,Bangor,Brazil,São Paulo,São Bernardo do Campo
Contoso,United States,Maine,Bar Harbor,Ukraine,Kyiv,Kyiv
Contoso,United States,Maine,Lewiston,Ukraine,Kharkiv Oblast,Kharkiv
Contoso,United States,Maine,Orono,Ukraine,Odesa Oblast,Odesa
Contoso,United States,Maine,South Portland,Ukraine,Dnipropetrovsk Oblast,Dnipro
Contoso,United States,Maryland,Annapolis,Ukraine,Donetsk Oblast,Donetsk
Contoso,United States,Maryland,Baltimore,Ukraine,Zaporizhzhia Oblast,Zaporizhzhia
Contoso,United States,Maryland,Bethesda,Switzerland,Zürich,Zürich
Contoso,United States,Maryland,Germantown,Switzerland,Geneva,Geneva
Contoso,United States,Maryland,Howard,Switzerland,Basel-Stadt,Basel
Contoso,United States,Maryland,Parkville,Switzerland,Vaud,Lausanne
Contoso,United States,Maryland,Ridgely,Switzerland,Bern,Bern
Contoso,United States,Massachusetts,Attleboro,Switzerland,Zürich,Winterthur
Contoso,United States,Massachusetts,Boston,Switzerland,Lucerne,Lucerne
Contoso,United States,Massachusetts,Braintree,Switzerland,St. Gallen,St. Gallen
Contoso,United States,Massachusetts,Falmouth,Switzerland,Ticino,Lugano
Contoso,United States,Massachusetts,Framingham,Switzerland,Bern,Biel/Bienne
Contoso,United States,Massachusetts,Haverhill,Sweden,Södermanland,Stockholm
Contoso,United States,Massachusetts,Hingham,Sweden,Västra Götaland,Göteborg
Contoso,United States,Massachusetts,Holyoke,Sweden,Scania,Malmö
Contoso,United States,Massachusetts,Leominster,Sweden,Uppland,Uppsala
Contoso,United States,Massachusetts,Lowell,Sweden,Västmanland,Västerås
Contoso,United States,Massachusetts,Lynn,Sweden,Närke,Örebro
Contoso,United States,Massachusetts,Nantucket,Sweden,Östergötland,Linköping
Contoso,United States,Massachusetts,New Bedford,Sweden,Scania,Helsingborg
Contoso,United States,Massachusetts,Northampton,Sweden,Södermanland,Eskilstuna
Contoso,United States,Massachusetts,Pittsfield,Poland,Masovian,Warsaw
Contoso,United States,Massachusetts,Provincetown,Poland,Lesser Poland,Kraków
Contoso,United States,Massachusetts,Quincy,Poland,?ód?,?ód?
Contoso,United States,Massachusetts,Somerville,Poland,Lower Silesian,Wroc?aw
Contoso,United States,Massachusetts,Worcester,Poland,Greater Poland,Pozna?
Contoso,United States,Minnesota,Branch,Poland,Pomeranian,Gda?sk
Contoso,United States,Mississippi,Biloxi,Poland,West Pomeranian,Szczecin
Contoso,United States,Missouri,Branson,Poland,Kuyavian-Pomeranian,Bydgoszcz
Contoso,United States,Montana,Billings,Poland,Lublin,Lublin
Contoso,United States,New Jersey,Atlantic City ,Poland,Podlaskie,Bia?ystok
Contoso,United States,New Jersey,Bayonne ,Norway,Oslo,Oslo
Contoso,United States,New Jersey,Cape May,Norway,Vestland,Bergen
Contoso,United States,New Jersey,Clifton,Norway,Trøndelag,Trondheim
Contoso,United States,New Jersey,East Orange ,Norway,Rogaland,Stavanger
Contoso,United States,New Jersey,Hackensack ,Norway,Agder,Kristiansand
Contoso,United States,New Jersey,Hoboken ,Norway,Viken,Fredrikstad
Contoso,United States,New Jersey,Jersey City,Norway,Rogaland,Sandnes
Contoso,United States,New Jersey,Montclair ,Norway,Troms og Finnmark,Tromsø
Contoso,United States,New Jersey,Morristown ,Norway,Vestfold og Telemark,Skien
Contoso,United States,New Jersey,New Brunswick ,Norway,Viken,Drammen
Contoso,United States,New Jersey,Newark,Norway,Viken,Sarpsborg
Contoso,United States,New Jersey,Passaic ,Norway,Nordland,Bodø
Contoso,United States,New Jersey,Paterson,Norway,Vestfold og Telemark,Sandefjord
Contoso,United States,New Jersey,Trenton,Norway,Møre og Romsdal,Ålesund
Contoso,United States,New Jersey,Vineland,Norway,Vestfold og Telemark,Larvik
Contoso,United States,New York,Albany,Norway,Agder,Arendal
Contoso,United States,New York,Brooklyn,Norway,Vestfold og Telemark,Tønsberg
Contoso,United States,New York,Buffalo,Norway,Vestfold og Telemark,Porsgrunn
Contoso,United States,New York,Central Valley,Norway,Rogaland,Haugesund
Contoso,United States,New York,Cheektowaga,Norway,Innlandet,Hamar
Contoso,United States,New York,Clay,Norway,Viken,Halden
Contoso,United States,New York,Elmira,Netherlands,North Holland,Amsterdam
Contoso,United States,New York,Ithaca,Netherlands,South Holland,Rotterdam
Contoso,United States,New York,New York,Netherlands,South Holland,The Hague
Contoso,United States,New York,Oswego,Netherlands,Utrecht,Utrecht
Contoso,United States,New York,Plattsburgh,Netherlands,North Brabant,Eindhoven
Contoso,United States,New York,Poestenkill,Netherlands,North Brabant,Tilburg
Contoso,United States,New York,Rochester,Netherlands,Groningen,Groningen
Contoso,United States,New York,Syracuse,Netherlands,Flevoland,Almere Stad
Contoso,United States,North Carolina,Charlotte,Netherlands,North Brabant,Breda
Contoso,United States,Ohio,Burbank,Netherlands,Gelderland,Nijmegen
Contoso,United States,Ohio,Cincinnati,Ireland,Leinster,Dublin
Contoso,United States,Ohio,Columbus,Ireland,Leinster,Dublin
Contoso,United States,Oregon,Beaverton,Ireland,Leinster,Dublin
Contoso,United States,Oregon,Clackamas,Ireland,Munster,Cork
Contoso,United States,Oregon,Corvallis,Ireland,Munster,Limerick
Contoso,United States,Oregon,Lake Oswego,Ireland,Connacht,Galway
Contoso,United States,Oregon,Lebanon,Ireland,Munster,Waterford
Contoso,United States,Oregon,Milwaukie,Ireland,Leinster,Drogheda
Contoso,United States,Oregon,Oregon City,Ireland,Leinster,Dundalk
Contoso,United States,Oregon,Portland,Ireland,Leinster,Bray
Contoso,United States,Oregon,Salem,Finland,Uusimaa,Helsinki
Contoso,United States,Oregon,W. Linn,Finland,Uusimaa,Espoo
Contoso,United States,Oregon,Woodburn,Finland,Pirkanmaa,Tampere
Contoso,United States,South Carolina,Bluffton,Finland,Uusimaa,Vantaa
Contoso,United States,South Carolina,Charleston ,Finland,North Ostrobothnia,Oulu
Contoso,United States,South Carolina,Greenville,Finland,Turku,Turku
Contoso,United States,Texas,Arlington,Finland,Jyväskylä,Jyväskylä
Contoso,United States,Texas,Austin,Finland,Päijänne Tavastia,Lahti
Contoso,United States,Texas,Baytown,Finland,North Savo,Kuopio
Contoso,United States,Texas,Beaumont,Finland,Satakunta,Pori
Contoso,United States,Texas,Carrollton,Chile,Santiago Metropolitan,Santiago
Contoso,United States,Texas,Cedar Park,Chile,Santiago Metropolitan,Puente Alto
Contoso,United States,Texas,College Station,Chile,Santiago Metropolitan,Maipú
Contoso,United States,Texas,Dallas,Argentina,Buenos Aires,Buenos Aires
Contoso,United States,Texas,Denton,Argentina,Córdoba,Córdoba
Contoso,United States,Texas,Desoto,Belgium,Antwerp,Antwerp
Contoso,United States,Texas,Fort Worth,Belgium,East Flanders,Ghent
Contoso,United States,Texas,Georgetown,Estonia,Harju,Tallinn
Contoso,United States,Texas,Grand Prairie,Estonia,Harju,Tallinn
Contoso,United States,Texas,Hillsboro,Estonia,Tartu,Tartu
Contoso,United States,Texas,Houston,Estonia,Ida-Viru,Narva
Contoso,United States,Texas,Humble,Estonia,Pärnu,Pärnu
Contoso,United States,Texas,La Porte,Estonia,Ida-Viru,Kohtla-Järve
Contoso,United States,Texas,Lewisville,Belgium,Antwerp,Antwerp
Contoso,United States,Texas,Longview,Belgium,East Flanders,Ghent
Contoso,United States,Texas,Marshall,Belgium,Hainaut,Charleroi
Contoso,United States,Texas,Midland,Belgium,Liège,Liège
Contoso,United States,Texas,Minden,Belgium,Brussels,Brussels
Contoso,United States,Texas,Orange,Belgium,West Flanders,Bruges
Contoso,United States,Texas,Pasadena,Belgium,Namur,Namur
Contoso,United States,Texas,Plano,Belgium,Flemish Brabant,Leuven
Contoso,United States,Texas,Richardson,Belgium,Hainaut,Mons
Contoso,United States,Texas,Round Rock,Belgium,Antwerp,Mechelen
Contoso,United States,Texas,Russellville,Belgium,East Flanders,Aalst
Contoso,United States,Texas,San Antonio,Belgium,Hainaut,La Louvière
Contoso,United States,Texas,Shreveport,Belgium,Limburg,Hasselt
Contoso,United States,Texas,Spring,Belgium,East Flanders,Sint-Niklaas
Contoso,United States,Texas,Texas City,Belgium,West Flanders,Kortrijk
Contoso,United States,Utah,Bountiful,Belgium,West Flanders,Ostend
Contoso,United States,Utah,Cedar City,Belgium,Hainaut,Tournai
Contoso,United States,Virginia,Alexandria,Belgium,Limburg,Genk
Contoso,United States,Virginia,Chantilly,Belgium,Liège,Seraing
Contoso,United States,Virginia,Charlottesville ,Belgium,West Flanders,Roeselare
Contoso,United States,Virginia,Fredericksburg,Belgium,Hainaut,Mouscron
Contoso,United States,Virginia,Martinsville ,Belgium,Liège,Verviers
Contoso,United States,Virginia,Norfolk,Belgium,Limburg,Beringen
Contoso,United States,Virginia,Roanoke,Belgium,East Flanders,Dendermonde
Contoso,United States,Virginia,Virginia Beach,Belgium,Flemish Brabant,Vilvoorde
Contoso,United States,Virginia,Winchester,Belgium,Antwerp,Turnhout
Contoso,United States,Washington,Ballard,Argentina,Buenos Aires,Buenos Aires
Contoso,United States,Washington,Bellevue,Argentina,Córdoba,Córdoba
Contoso,United States,Washington,Bellingham,Argentina,Santa Fe,Rosario
Contoso,United States,Washington,Bothell,Argentina,Buenos Aires,La Plata
Contoso,United States,Washington,Bremerton,Argentina,Buenos Aires,Mar del Plata
Contoso,United States,Washington,Burien,Argentina,Tucumán,San Miguel de Tucumán
Contoso,United States,Washington,Chehalis,Argentina,Salta,Salta
Contoso,United States,Washington,Cheney,Argentina,Santa Fe,Santa Fe de la Vera Cruz
Contoso,United States,Washington,Cle Elum,Argentina,Buenos Aires,Vicente López
Contoso,United States,Washington,Edmonds,Argentina,Corrientes,Corrientes
Contoso,United States,Washington,Everett,Argentina,Buenos Aires,Pilar
Contoso,United States,Washington,Fall City,Argentina,Buenos Aires,Bahía Blanca
Contoso,United States,Washington,Granger,Argentina,Chaco,Resistencia
Contoso,United States,Washington,Issaquah,Argentina,Misiones,Posadas
Contoso,United States,Washington,Kennewick,Argentina,Jujuy,San Salvador de Jujuy
Contoso,United States,Washington,Kirkland,Argentina,Santiago del Estero,Santiago del Estero
Contoso,United States,Washington,Lynnwood,Argentina,Entre Ríos,Paraná
Contoso,United States,Washington,Marysville,Argentina,Neuquén,Neuquén
Contoso,United States,Washington,North Bend,Argentina,Formosa,Formosa
Contoso,United States,Washington,Olympia,Argentina,Buenos Aires,Lanús
Contoso,United States,Washington,Port Orchard,Argentina,Mendoza,Godoy Cruz
Contoso,United States,Washington,Puyallup,Argentina,Mendoza,Las Heras
Contoso,United States,Washington,Redmond,Argentina,La Rioja,La Rioja
Contoso,United States,Washington,Renton,Chile,Santiago Metropolitan,Santiago
Contoso,United States,Washington,Seattle,Chile,Santiago Metropolitan,Puente Alto
Contoso,United States,Washington,Sedro Woolley,Chile,Santiago Metropolitan,Maipú
Contoso,United States,Washington,Snoqualmie,Chile,Santiago Metropolitan,La Florida
Contoso,United States,Washington,Spokane,Chile,Valparaíso,Viña del Mar
Contoso,United States,Washington,Sunnyside,Chile,Antofagasta,Antofagasta
Contoso,United States,Washington,Tacoma,Chile,Valparaíso,Valparaíso
Contoso,United States,Washington,Toppenish,Chile,Santiago Metropolitan,Las Condes
Contoso,United States,Washington,Veradale,Chile,Santiago Metropolitan,San Bernardo
Contoso,United States,Washington,Walla Walla,Chile,Araucanía,Temuco
Contoso,United States,Washington,Wapato,Chile,Santiago Metropolitan,Peñalolén
Contoso,United States,Washington,Yakima,Chile,Biobío,Concepción
Contoso,United States,Wisconsin,Appleton,Chile,O'Higgins,Rancagua
Contoso,United States,Wisconsin,Burlington,Chile,Santiago Metropolitan,Pudahuel
Contoso,United States,Wisconsin,East Troy,Chile,Santiago Metropolitan,La Pintana
Contoso,United States,Wisconsin,Edgerton,Chile,Maule,Talca
Contoso,United States,Wisconsin,Fond du Lac,Chile,Santiago Metropolitan,El Bosque
Contoso,United States,Wisconsin,Fort Atkinson,Chile,Arica,Arica
Contoso,United States,Wisconsin,Green Bay,Chile,Tarapacá,Iquique
Contoso,United States,Wisconsin,Madison,Chile,Santiago Metropolitan,Ñuñoa
Contoso,United States,Wisconsin,Manitowoc,Chile,Biobío,Talcahuano
Contoso,United States,Wisconsin,Menasha,Chile,Los Lagos,Puerto Montt
Contoso,United States,Wisconsin,Milwaukee,Chile,Coquimbo,Coquimbo
Contoso,United States,Wisconsin,Oregon,Chile,Santiago Metropolitan,Cerro Navia
Contoso,United States,Wisconsin,Oshkosh,Chile,Santiago Metropolitan,Recoleta
Contoso,United States,Wisconsin,Port Washington,Chile,Coquimbo,La Serena
Contoso,United States,Wisconsin,Racine,Chile,Biobío,Chillán
Contoso,United States,Wisconsin,Sheboygan,Chile,Santiago Metropolitan,Renca
Contoso,United States,Wisconsin,Stoughton,Chile,Santiago Metropolitan,Conchalí
Contoso,United States,Wisconsin,Waukesha,Chile,Santiago Metropolitan,La Granja
Contoso,United States,Wyoming,Casper,Chile,Los Lagos,Osorno
Contoso,United States,Wyoming,Cheyenne,Chile,Santiago Metropolitan,Estación Central
